L01_V028,3031.
L01_V028,22849.
L01_V028,6022.
L01_V028,939.
L01_V028,16841.
L01_V028,28800.
L01_V028,6642.
L01_V028,11369.
L01_V028,2169.
L01_V028,1671.
L01_V028,21197.
L01_V028,9061.
L01_V028,21600.
L01_V028,19682.
L01_V028,20065.
L01_V028,6862.
L01_V028,10603.
L01_V028,6054.
L01_V028,2614.
L01_V028,24372.
L01_V028,16077.
L01_V028,1768.
L01_V028,1114.
L01_V028,12623.
L01_V028,5566.
L01_V028,29127.
L01_V028,22197.
L01_V028,4562.
L01_V028,27464.
L01_V028,15583.
L01_V028,14008.
L01_V028,478.
L01_V028,12707.
L01_V028,18104.
L01_V028,19512.
L01_V028,9787.
L01_V028,16402.
L01_V028,21547.
L01_V028,17248.
L01_V028,9098.
L01_V028,5656.
L01_V028,15540.
L01_V028,7740.
L01_V028,23306.
L01_V028,8767.
L01_V028,7443.
L01_V028,6781.
L01_V028,14486.
L01_V028,27142.
L01_V028,24124.
L01_V028,18794.
L01_V028,9705.
L01_V028,14256.
L01_V028,17590.
L01_V028,2306.
L01_V028,11815.
L01_V028,21398.
L01_V028,9999.
L01_V028,850.
L01_V028,213.
L01_V028,28952.
L01_V028,3545.
L01_V028,15011.
L01_V028,6392.
L01_V028,2807.
L01_V028,23995.
L01_V028,7559.
L01_V028,6931.
L01_V028,23150.
L01_V028,4637.
L01_V028,8884.
L01_V028,27533.
L01_V028,22518.
L01_V028,14769.
L01_V028,13347.
L01_V028,25961.
L01_V028,17974.
L01_V028,13044.
L01_V028,7889.
L01_V028,25293.
L01_V028,28875.
L01_V028,7055.
L01_V028,25861.
L01_V028,521.
L01_V028,9599.
L01_V028,16710.
L01_V028,20973.
L01_V028,24538.
L01_V028,21314.
L01_V028,6229.
L01_V028,19800.
L01_V028,22971.
L01_V028,15929.
L01_V028,5025.
L01_V028,11291.
L01_V028,10315.
L01_V028,11016.
L01_V028,27991.
L01_V028,15778.
L01_V028,28149.
